/* GRUPO 6
DAVI FAGUNDES FERREIRA DA SILVA		12544013
GUSTAVO SAMPAIO LIMA				12623992
PEDRO ROSSI SILVA RODRIGUES			11871775
THAÍS RIBEIRO LAURIANO 				12542518
THIERRY DE SOUZA ARAÚJO				12681094
*/

-- INSERCOES

-- PROVEDOR
INSERT INTO PROVEDOR (CNPJ, NOME_FANTASIA, RAZAO_SOCIAL, INICIO_CONTRATO, DURACAO_CONTRATO)
VALUES ('33.444.555/0001-01', 'PROVEDOR C', 'EMPRESA C LTDA', TO_DATE('2022/03/01', 'YYYY/MM/DD'), 24);

INSERT INTO PROVEDOR (CNPJ, NOME_FANTASIA, RAZAO_SOCIAL, INICIO_CONTRATO, DURACAO_CONTRATO)
VALUES ('66.777.888/0002-02', 'PROVEDOR D', 'EMPRESA D S.A.', TO_DATE('2022/08/15', 'YYYY/MM/DD'), 12);

INSERT INTO PROVEDOR (CNPJ, NOME_FANTASIA, RAZAO_SOCIAL, INICIO_CONTRATO, DURACAO_CONTRATO)
VALUES ('88.999.000/0001-01', 'PROVEDOR E', 'EMPRESA E LTDA', TO_DATE('2022/05/10', 'YYYY/MM/DD'), 18);

INSERT INTO PROVEDOR (CNPJ, NOME_FANTASIA, RAZAO_SOCIAL, INICIO_CONTRATO, DURACAO_CONTRATO)
VALUES ('11.222.333/0002-02', 'PROVEDOR F', 'EMPRESA F S.A.', TO_DATE('2023/09/20', 'YYYY/MM/DD'), 6);

-- ROTEADOR
INSERT INTO ROTEADOR (MAC_ADDRESS, MODELO, MARCA, VELOCIDADE_MBPS, ABRANGENCIA, TIPO_SINAL)
VALUES ('11:22:33:44:55:66', 'MODELO Z', 'MARCA C', 500, 'INTERNACIONAL', 'WI-FI');

INSERT INTO ROTEADOR (MAC_ADDRESS, MODELO, MARCA, VELOCIDADE_MBPS, ABRANGENCIA, TIPO_SINAL)
VALUES ('AA:BB:CC:DD:EE:FF', 'MODELO X', 'MARCA D', 300, 'NACIONAL', 'ETHERNET');

INSERT INTO ROTEADOR (MAC_ADDRESS, MODELO, MARCA, VELOCIDADE_MBPS, ABRANGENCIA, TIPO_SINAL)
VALUES ('22:33:44:55:66:77', 'MODELO Y', 'MARCA E', 100, 'REGIONAL', 'WI-FI');

INSERT INTO ROTEADOR (MAC_ADDRESS, MODELO, MARCA, VELOCIDADE_MBPS, ABRANGENCIA, TIPO_SINAL)
VALUES ('BB:CC:DD:EE:FF:AA', 'MODELO Z', 'MARCA F', 200, 'LOCAL', 'ETHERNET');

-- ESTADO
INSERT INTO ESTADO (NOME)
VALUES ('RR');

INSERT INTO ESTADO (NOME)
VALUES ('MT');

INSERT INTO ESTADO (NOME)
VALUES ('AM');

INSERT INTO ESTADO (NOME)
VALUES ('PA');

-- COMUNIDADE
INSERT INTO COMUNIDADE (ID_COMUNIDADE, ESTADO, NOME, NUM_HABITANTES, REFERENCIA_LOC, COORDENADAS_LOC, ETNIA)
VALUES (1, 'RR', 'COMUNIDADE A', 500, 'REFERÊNCIA A', '123.456,789', 'YANOMAMI');

INSERT INTO COMUNIDADE (ID_COMUNIDADE, ESTADO, NOME, NUM_HABITANTES, REFERENCIA_LOC, COORDENADAS_LOC, ETNIA)
VALUES (2, 'PA', 'COMUNIDADE B', 300, 'REFERÊNCIA B', '987.654,321', 'AIKEWARA');

INSERT INTO COMUNIDADE (ID_COMUNIDADE, ESTADO, NOME, NUM_HABITANTES, REFERENCIA_LOC, COORDENADAS_LOC, ETNIA)
VALUES (3, 'AM', 'COMUNIDADE C', 200, 'REFERÊNCIA C', '456.789,123', 'JUMA');

INSERT INTO COMUNIDADE (ID_COMUNIDADE, ESTADO, NOME, NUM_HABITANTES, REFERENCIA_LOC, COORDENADAS_LOC, ETNIA)
VALUES (4, 'AM', 'COMUNIDADE D', 400, 'REFERÊNCIA D', '789.123,456', 'RIKBAKTSA');

INSERT INTO COMUNIDADE (ID_COMUNIDADE, ESTADO, NOME, NUM_HABITANTES, REFERENCIA_LOC, COORDENADAS_LOC, ETNIA)
VALUES (6, 'PA', 'COMUNIDADE F', 600, 'REFERÊNCIA F', '217.653,321', 'ETNIA F');

INSERT INTO COMUNIDADE (ID_COMUNIDADE, ESTADO, NOME, NUM_HABITANTES, REFERENCIA_LOC, COORDENADAS_LOC, ETNIA)
VALUES (7, 'MT', 'COMUNIDADE G', 1000, 'REFERÊNCIA G', '217.123,231', 'ETNIA G');

-- FORNECIMENTO
INSERT INTO FORNECIMENTO (ROTEADOR, PROVEDOR, CUSTO, COMUNIDADE)
VALUES ('11:22:33:44:55:66', '33.444.555/0001-01', 500.00, 1);

INSERT INTO FORNECIMENTO (ROTEADOR, PROVEDOR, CUSTO, COMUNIDADE)
VALUES ('AA:BB:CC:DD:EE:FF', '66.777.888/0002-02', 750.00, 2);

INSERT INTO FORNECIMENTO (ROTEADOR, PROVEDOR, CUSTO, COMUNIDADE)
VALUES ('22:33:44:55:66:77', '88.999.000/0001-01', 600.00, 3);

INSERT INTO FORNECIMENTO (ROTEADOR, PROVEDOR, CUSTO, COMUNIDADE)
VALUES ('BB:CC:DD:EE:FF:AA', '11.222.333/0002-02', 900.00, 4);

-- DIALETO COMUNIDADE
INSERT INTO DIALETOS_COMUNIDADE (COMUNIDADE, DIALETO)
VALUES (1, 'YANOMAMI');

INSERT INTO DIALETOS_COMUNIDADE (COMUNIDADE, DIALETO)
VALUES (2, 'TUPI-GUARANI');

INSERT INTO DIALETOS_COMUNIDADE (COMUNIDADE, DIALETO)
VALUES (3, 'TUPI-GUARANI');

INSERT INTO DIALETOS_COMUNIDADE (COMUNIDADE, DIALETO)
VALUES (3, 'YANOMAMI');

INSERT INTO DIALETOS_COMUNIDADE (COMUNIDADE, DIALETO)
VALUES (3, 'XAVANTE');

INSERT INTO DIALETOS_COMUNIDADE (COMUNIDADE, DIALETO)
VALUES (4, 'XAVANTE');

-- HABITANTE
INSERT INTO HABITANTE (RG, COMUNIDADE, NOME, IDADE)
VALUES ('123456789', 1, 'JOÃO SILVA', 30);

INSERT INTO HABITANTE (RG, COMUNIDADE, NOME, IDADE)
VALUES ('987654321', 2, 'MARIA SANTOS', 25);

INSERT INTO HABITANTE (RG, COMUNIDADE, NOME, IDADE)
VALUES ('456789123', 3, 'PEDRO SOUZA', 40);

INSERT INTO HABITANTE (RG, COMUNIDADE, NOME, IDADE)
VALUES ('789123456', 4, 'ANA OLIVEIRA', 35);

-- CARGO
INSERT INTO CARGO (HABITANTE, CARGO)
VALUES ('123456789', 'GERENTE');

INSERT INTO CARGO (HABITANTE, CARGO)
VALUES ('987654321', 'TÉCNICO');

INSERT INTO CARGO (HABITANTE, CARGO)
VALUES ('456789123', 'ANALISTA');

INSERT INTO CARGO (HABITANTE, CARGO)
VALUES ('789123456', 'COORDENADOR');

-- CONTRATO
INSERT INTO CONTRATO (INTERLOCUTOR, ESTADO, INICIO, FIM, COMUNIDADE)
VALUES ('123456789', 'RR', TO_DATE('2023/06/01', 'YYYY/MM/DD'), TO_DATE('2024/05/31', 'YYYY/MM/DD'), 1);

INSERT INTO CONTRATO (INTERLOCUTOR, ESTADO, INICIO, FIM, COMUNIDADE)
VALUES ('123456789', 'RR', TO_DATE('2024/06/01', 'YYYY/MM/DD'), TO_DATE('2025/05/31', 'YYYY/MM/DD'), 1);

INSERT INTO CONTRATO (INTERLOCUTOR, ESTADO, INICIO, FIM, COMUNIDADE)
VALUES ('987654321', 'PA', TO_DATE('2023/03/01', 'YYYY/MM/DD'), TO_DATE('2024/06/30', 'YYYY/MM/DD'), 2);

INSERT INTO CONTRATO (INTERLOCUTOR, ESTADO, INICIO, FIM, COMUNIDADE)
VALUES ('456789123', 'AM', TO_DATE('2023/04/01', 'YYYY/MM/DD'), TO_DATE('2024/07/31', 'YYYY/MM/DD'), 3);

INSERT INTO CONTRATO (INTERLOCUTOR, ESTADO, INICIO, FIM, COMUNIDADE)
VALUES ('789123456', 'AM', TO_DATE('2022/04/01', 'YYYY/MM/DD'), TO_DATE('2023/08/31', 'YYYY/MM/DD'), 4);

INSERT INTO CONTRATO (INTERLOCUTOR, ESTADO, INICIO, FIM, COMUNIDADE)
VALUES ('123456789', 'RR', TO_DATE('2024/06/01', 'YYYY/MM/DD'), TO_DATE('2025/05/31', 'YYYY/MM/DD'), 1);

INSERT INTO CONTRATO (INTERLOCUTOR, ESTADO, INICIO, FIM, COMUNIDADE)
VALUES ('123456789', 'PA', TO_DATE('2022/06/01', 'YYYY/MM/DD'), TO_DATE('2023/05/31', 'YYYY/MM/DD'), 6);

INSERT INTO CONTRATO (INTERLOCUTOR, ESTADO, INICIO, FIM, COMUNIDADE)
VALUES ('789123456', 'MT', TO_DATE('2024/06/01', 'YYYY/MM/DD'), TO_DATE('2025/05/31', 'YYYY/MM/DD'), 7);

INSERT INTO CONTRATO (INTERLOCUTOR, ESTADO, INICIO, FIM, COMUNIDADE)
VALUES ('789123456', 'MT', TO_DATE('2025/06/01', 'YYYY/MM/DD'), TO_DATE('2026/05/31', 'YYYY/MM/DD'), 7);

-- DIRETOR_EMPRESA
INSERT INTO DIRETOR_EMPRESA (RG, NOME, IDADE, SALARIO, INICIO_CONTRATO, FIM_CONTRATO)
VALUES ('654321987', 'CARLOS MENDES', 45, 8000.00, TO_DATE('2022/01/01', 'YYYY/MM/DD'), TO_DATE('2024/12/31', 'YYYY/MM/DD'));

INSERT INTO DIRETOR_EMPRESA (RG, NOME, IDADE, SALARIO, INICIO_CONTRATO, FIM_CONTRATO)
VALUES ('789123456', 'LAURA ALMEIDA', 38, 7000.00, TO_DATE('2022/01/01', 'YYYY/MM/DD'), TO_DATE('2024/12/31', 'YYYY/MM/DD'));

INSERT INTO DIRETOR_EMPRESA (RG, NOME, IDADE, SALARIO, INICIO_CONTRATO, FIM_CONTRATO)
VALUES ('123456789', 'RICARDO SANTOS', 42, 7500.00, TO_DATE('2022/01/01', 'YYYY/MM/DD'), TO_DATE('2024/12/31', 'YYYY/MM/DD'));

INSERT INTO DIRETOR_EMPRESA (RG, NOME, IDADE, SALARIO, INICIO_CONTRATO, FIM_CONTRATO)
VALUES ('987654321', 'MARIANA COSTA', 35, 6500.00, TO_DATE('2022/01/01', 'YYYY/MM/DD'), TO_DATE('2024/12/31', 'YYYY/MM/DD'));

-- INTERLOCUTOR
INSERT INTO INTERLOCUTOR (RG, NOME, IDADE, SALARIO, INICIO_CONTRATO, FIM_CONTRATO, SUPERVISOR)
VALUES ('456789123', 'FERNANDA OLIVEIRA', 32, 5500.00, TO_DATE('2023/01/01', 'YYYY/MM/DD'), TO_DATE('2024/12/31', 'YYYY/MM/DD'), '123456789');

INSERT INTO INTERLOCUTOR (RG, NOME, IDADE, SALARIO, INICIO_CONTRATO, FIM_CONTRATO, SUPERVISOR)
VALUES ('789123456', 'RAFAELA FERREIRA', 29, 5000.00, TO_DATE('2023/01/01', 'YYYY/MM/DD'), TO_DATE('2024/12/31', 'YYYY/MM/DD'), '987654321');

INSERT INTO INTERLOCUTOR (RG, NOME, IDADE, SALARIO, INICIO_CONTRATO, FIM_CONTRATO, SUPERVISOR)
VALUES ('123456789', 'GABRIEL LIMA', 27, 4800.00, TO_DATE('2023/01/01', 'YYYY/MM/DD'), TO_DATE('2024/12/31', 'YYYY/MM/DD'), '789123456');

INSERT INTO INTERLOCUTOR (RG, NOME, IDADE, SALARIO, INICIO_CONTRATO, FIM_CONTRATO, SUPERVISOR)
VALUES ('987654321', 'MATEUS SOUSA', 31, 5200.00, TO_DATE('2023/01/01', 'YYYY/MM/DD'), TO_DATE('2024/12/31', 'YYYY/MM/DD'), '789123456');

-- DIALETO_INTERLOCUTOR
INSERT INTO DIALETO_INTERLOCUTOR (INTERLOCUTOR, DIALETO, NIVEL_FLUENCIA)
VALUES ('123456789', 'TUPI-GUARANI', 'AVANCADO');

INSERT INTO DIALETO_INTERLOCUTOR (INTERLOCUTOR, DIALETO, NIVEL_FLUENCIA)
VALUES ('987654321', 'YANOMAMI', 'BASICO');

INSERT INTO DIALETO_INTERLOCUTOR (INTERLOCUTOR, DIALETO, NIVEL_FLUENCIA)
VALUES ('456789123', 'TUPI-GUARANI', 'INTERMEDIARIO');

INSERT INTO DIALETO_INTERLOCUTOR (INTERLOCUTOR, DIALETO, NIVEL_FLUENCIA)
VALUES ('789123456', 'XAVANTE', 'AVANCADO');